customer_id,customer_name,segment,region,city,state,country
CG-12520,Claire Gute,Consumer,Central,Dallas,Texas,United States
DV-13045,Darrin Van Huff,Corporate,South,Jacksonville,Florida,United States
SO-20335,Sean O'Donnell,Consumer,West,Greeley,Colorado,United States
BH-11710,Brosina Hoffman,Consumer,Central,Chicago,Illinois,United States
AA-10480,Andrew Allen,Consumer,Central,Detroit,Michigan,United States
IM-15070,Irene Maddox,Consumer,West,San Diego,California,United States
HP-14815,Harold Pawlan,Home Office,West,Tucson,Arizona,United States
PK-19075,Pete Kriz,Consumer,East,New York City,New York,United States
AG-10270,Alejandro Grove,Consumer,East,Lawrence,Massachusetts,United States
ZD-21925,Zuschuss Donatelli,Consumer,West,Los Angeles,California,United States
KB-16585,Ken Black,Corporate,East,Clinton,Maryland,United States
SF-20065,Sandra Flanagan,Consumer,West,Pomona,California,United States
EB-13870,Emily Burns,Consumer,West,Redding,California,United States
EH-13945,Eric Hoffmann,Consumer,East,Philadelphia,Pennsylvania,United States
TB-21520,Tracy Blumstein,Consumer,West,Los Angeles,California,United States
MA-17560,Matt Abelman,Home Office,Central,Jackson,Michigan,United States
GH-14485,Gene Hale,Corporate,Central,Dallas,Texas,United States
SN-20710,Steve Nguyen,Home Office,West,Los Angeles,California,United States
LC-16930,Linda Cazamias,Corporate,West,Phoenix,Arizona,United States
RA-19885,Ruben Ausman,Corporate,West,San Francisco,California,United States
ES-14080,Erin Smith,Corporate,East,Lakewood,New Jersey,United States
ON-18715,Odella Nelson,Corporate,South,Burlington,North Carolina,United States
PO-18865,Patrick O'Donnell,Consumer,East,East Orange,New Jersey,United States
LH-16900,Lena Hernandez,Consumer,East,New York City,New York,United States
DP-13000,Darren Powers,Consumer,East,New York City,New York,United States
JM-15265,Janet Molinari,Corporate,Central,Chicago,Illinois,United States
TB-21055,Ted Butterfield,Consumer,East,Reading,Pennsylvania,United States
KM-16720,Kunst Miller,Consumer,East,Lowell,Massachusetts,United States
PS-18970,Paul Stevenson,Home Office,West,Phoenix,Arizona,United States
BS-11590,Brendan Sweed,Corporate,South,Louisville,Kentucky,United States
KD-16270,Karen Daniels,Consumer,West,Los Angeles,California,United States
HM-14980,Henry MacAllister,Consumer,West,Seattle,Washington,United States
JE-15745,Joel Eaton,Consumer,West,Los Angeles,California,United States
KB-16600,Ken Brennan,Corporate,West,Seattle,Washington,United States
SC-20770,Stewart Carmichael,Corporate,East,Philadelphia,Pennsylvania,United States
DN-13690,Duane Noonan,Consumer,Central,Tulsa,Oklahoma,United States
JC-16105,Julie Creighton,Corporate,Central,Minneapolis,Minnesota,United States
CS-12400,Christopher Schild,Home Office,West,San Francisco,California,United States
PG-18895,Paul Gonzalez,Consumer,South,Richmond,Virginia,United States
GM-14455,Gary Mitchum,Home Office,East,Concord,New Hampshire,United States
JS-15685,Jim Sink,Corporate,South,Miramar,Florida,United States
KB-16315,Karl Braun,Consumer,Central,Indianapolis,Indiana,United States
RB-19705,Roger Barcio,Home Office,East,New York City,New York,United States
PN-18775,Parhena Norris,Home Office,South,Clarksville,Tennessee,United States
KD-16345,Katherine Ducich,Consumer,East,New York City,New York,United States
ER-13855,Elpida Rittenbach,Corporate,South,Charlotte,North Carolina,United States
RB-19465,Rick Bensley,Home Office,Central,Chicago,Illinois,United States
GZ-14470,Gary Zandusky,Consumer,Central,Texas City,Texas,United States
LC-16870,Lena Cacioppo,Consumer,South,Richmond,Virginia,United States
JM-15250,Janet Martin,Consumer,Central,Huntsville,Texas,United States
PA-19060,Pete Armstrong,Home Office,West,San Francisco,California,United States
CV-12805,Cynthia Voltz,Corporate,Central,Austin,Texas,United States
CL-12565,Clay Ludtke,Consumer,East,Long Beach,New York,United States
RC-19960,Ryan Crowe,Consumer,East,Baltimore,Maryland,United States
DK-13090,Dave Kipp,Consumer,Central,Carrollton,Texas,United States
GG-14650,Greg Guthrie,Corporate,West,Chico,California,United States
SC-20725,Steven Cartwright,Consumer,West,Peoria,Arizona,United States
AD-10180,Alan Dominguez,Home Office,East,Philadelphia,Pennsylvania,United States
PF-19165,Philip Fox,Consumer,West,Oakland,California,United States
TS-21610,Troy Staebel,Consumer,Central,Chicago,Illinois,United States
LS-16975,Lindsay Shagiari,Home Office,Central,Dallas,Texas,United States
DW-13585,Dorothy Wardle,Corporate,East,Troy,Ohio,United States
LC-16885,Lena Creighton,Consumer,West,Los Angeles,California,United States
JD-15895,Jonathan Doherty,Corporate,East,New York City,New York,United States
SH-19975,Sally Hughsby,Corporate,Central,Chicago,Illinois,United States
SG-20080,Sandra Glassco,Consumer,West,Seattle,Washington,United States
HA-14920,Helen Andreada,Consumer,Central,Chicago,Illinois,United States
MG-17680,Maureen Gastineau,Home Office,West,Los Angeles,California,United States
JE-16165,Justin Ellison,Corporate,South,North Charleston,South Carolina,United States
TW-21025,Tamara Willingham,Home Office,East,New York City,New York,United States
SP-20650,Stephanie Phelps,Corporate,Central,Omaha,Nebraska,United States
NK-18490,Neil Knudson,Home Office,West,San Francisco,California,United States
DB-13060,Dave Brooks,Consumer,Central,Skokie,Illinois,United States
NP-18670,Nora Paige,Consumer,East,Lakewood,New Jersey,United States
TT-21070,Ted Trevino,Consumer,East,Rochester,New York,United States
EM-13960,Eric Murdock,Consumer,West,Portland,Oregon,United States
RD-19900,Ruben Dartt,Consumer,Central,Dearborn Heights,Michigan,United States
MJ-17740,Max Jones,Consumer,West,San Diego,California,United States
BM-11140,Becky Martin,Consumer,West,Des Moines,Washington,United States
CS-12130,Chad Sievert,Consumer,West,Englewood,Colorado,United States
JB-15400,Jennifer Braxton,Corporate,West,Los Angeles,California,United States
SJ-20500,Shirley Jackson,Consumer,West,San Francisco,California,United States
JK-15640,Jim Kriz,Home Office,West,San Francisco,California,United States
DK-13150,David Kendrick,Corporate,East,New York City,New York,United States
RM-19675,Robert Marley,Home Office,East,Cambridge,Massachusetts,United States
SK-19990,Sally Knutson,Consumer,East,Toledo,Ohio,United States
FM-14290,Frank Merwin,Home Office,East,Philadelphia,Pennsylvania,United States
AM-10360,Alice McCarthy,Corporate,East,Cleveland,Ohio,United States
MP-17470,Mark Packer,Home Office,East,Columbus,Ohio,United States
MZ-17515,Mary Zewe,Corporate,West,Seattle,Washington,United States
CB-12025,Cassandra Brandow,Consumer,South,Richmond,Virginia,United States
VM-21685,Valerie Mitchum,Home Office,East,Burlington,Vermont,United States
FH-14365,Fred Hopkins,Corporate,West,Los Angeles,California,United States
MB-17305,Maria Bertelson,Consumer,East,Columbus,Ohio,United States
BS-11755,Bruce Stewart,Consumer,Central,Detroit,Michigan,United States
LC-17140,Logan Currie,Consumer,East,New York City,New York,United States
HK-14890,Heather Kirkland,Corporate,Central,Detroit,Michigan,United States
LE-16810,Laurel Elliston,Consumer,South,Springfield,Virginia,United States
JH-15985,Joseph Holt,Consumer,South,Concord,North Carolina,United States
MS-17980,Michael Stewart,Corporate,East,Philadelphia,Pennsylvania,United States
VW-21775,Victoria Wilson,Corporate,Central,Huntsville,Texas,United States
JH-15910,Jonathan Howell,Consumer,South,West Palm Beach,Florida,United States
JB-15925,Joni Blumstein,Consumer,West,Los Angeles,California,United States
DS-13180,David Smith,Corporate,East,Jamestown,New York,United States
VD-21670,Valerie Dominguez,Consumer,Central,Houston,Texas,United States
EA-14035,Erin Ashbrook,Corporate,East,New York City,New York,United States
DB-13120,David Bremer,Corporate,Central,Dallas,Texas,United States
KL-16645,Ken Lonsdale,Consumer,West,Dublin,California,United States
DW-13480,Dianna Wilson,Home Office,West,San Diego,California,United States
LH-17155,Logan Haushalter,Consumer,West,San Jose,California,United States
KC-16540,Kelly Collister,Consumer,Central,Houston,Texas,United States
DL-13315,Delfina Latchford,Consumer,Central,Chicago,Illinois,United States
DR-12880,Dan Reichenbach,Corporate,East,Milford,Connecticut,United States
CC-12670,Craig Carreira,Consumer,South,Tampa,Florida,United States
Dl-13600,Dorris liebe,Corporate,West,Seattle,Washington,United States
SB-20290,Sean Braxton,Corporate,West,San Diego,California,United States
RC-19825,Roy Collins,Consumer,West,Colorado Springs,Colorado,United States
AH-10210,Alan Hwang,Consumer,South,Henderson,Kentucky,United States
CB-12535,Claudia Bergmann,Corporate,East,Burlington,Vermont,United States
CA-12310,Christine Abelman,Corporate,Central,San Antonio,Texas,United States
KH-16690,Kristen Hastings,Corporate,West,Riverside,California,United States
BB-10990,Barry Blumstein,Corporate,Central,San Antonio,Texas,United States
AG-10495,Andrew Gjertsen,Corporate,Central,Detroit,Michigan,United States
JO-15280,Jas O'Carroll,Consumer,West,San Diego,California,United States
AH-10195,Alan Haines,Corporate,East,New York City,New York,United States
NZ-18565,Nick Zandusky,Home Office,West,Seattle,Washington,United States
KL-16555,Kelly Lampkin,Corporate,Central,Aurora,Illinois,United States
AS-10225,Alan Schoenberger,Corporate,West,Longmont,Colorado,United States
CR-12625,Corey Roper,Home Office,South,Columbus,Georgia,United States
SH-20395,Shahid Hopkins,Consumer,East,Cuyahoga Falls,Ohio,United States
BP-11185,Ben Peterman,Corporate,Central,Dallas,Texas,United States
TS-21205,Thomas Seio,Corporate,South,Nashville,Tennessee,United States
AG-10525,Andy Gerbode,Corporate,South,Richmond,Virginia,United States
SP-20860,Sung Pak,Corporate,South,Murfreesboro,Tennessee,United States
NM-18445,Nathan Mautz,Home Office,West,San Francisco,California,United States
FA-14230,Frank Atkinson,Corporate,South,Raleigh,North Carolina,United States
GK-14620,Grace Kelly,Corporate,South,Greensboro,North Carolina,United States
DJ-13510,Don Jones,Corporate,East,New York City,New York,United States
PO-18850,Patrick O'Brill,Consumer,Central,Houston,Texas,United States
JL-15850,John Lucas,Consumer,Central,Houston,Texas,United States
DB-13615,Doug Bickford,Consumer,West,San Francisco,California,United States
AC-10420,Alyssa Crouse,Corporate,East,Philadelphia,Pennsylvania,United States
CC-12550,Clay Cheatham,Consumer,Central,Plano,Texas,United States
TD-20995,Tamara Dahlen,Consumer,South,Virginia Beach,Virginia,United States
AB-10060,Adam Bellavance,Home Office,Central,Greenwood,Indiana,United States
JL-15505,Jeremy Lonsdale,Consumer,Central,Aberdeen,South Dakota,United States
VB-21745,Victoria Brennan,Corporate,Central,Houston,Texas,United States
KW-16435,Katrina Willman,Consumer,Central,Chicago,Illinois,United States
JD-16060,Julia Dunbar,Consumer,Central,Rochester,Minnesota,United States
MK-17905,Michael Kennedy,Corporate,Central,Franklin,Wisconsin,United States
GT-14755,Guy Thornton,Consumer,West,Long Beach,California,United States
AG-10900,Arthur Gainer,Consumer,South,Coral Springs,Florida,United States
MM-18280,Muhammed MacIntyre,Corporate,Central,Haltom City,Texas,United States
AR-10405,Allen Rosenblatt,Corporate,Central,Trenton,Michigan,United States
RA-19915,Russell Applegate,Consumer,Central,Columbus,Indiana,United States
AS-10285,Alejandro Savely,Corporate,Central,Noblesville,Indiana,United States
LA-16780,Laura Armstrong,Corporate,Central,Houston,Texas,United States
DO-13435,Denny Ordway,Consumer,West,Salt Lake City,Utah,United States
DK-13225,Dean Katz,Corporate,East,New York City,New York,United States
NG-18430,Nathan Gelder,Consumer,West,Los Angeles,California,United States
MV-18190,Mike Vittorini,Consumer,West,San Bernardino,California,United States
JG-15115,Jack Garza,Consumer,South,Jacksonville,North Carolina,United States
BP-11095,Bart Pistole,Corporate,West,Los Angeles,California,United States
VP-21730,Victor Preis,Home Office,East,New York City,New York,United States
SS-20140,Saphhira Shifley,Corporate,West,Seattle,Washington,United States
AG-10675,Anna Gayman,Consumer,South,Salem,Virginia,United States
LF-17185,Luke Foster,Consumer,Central,San Antonio,Texas,United States
RF-19840,Roy FranzÃ¶sisch,Consumer,South,Springfield,Virginia,United States
KH-16510,Keith Herrera,Consumer,South,Arlington,Virginia,United States
KC-16675,Kimberly Carter,Corporate,South,Henderson,Kentucky,United States
CJ-12010,Caroline Jumper,Consumer,Central,Houston,Texas,United States
PB-19150,Philip Brown,Consumer,West,Avondale,Arizona,United States
MP-17965,Michael Paige,Corporate,Central,Mcallen,Texas,United States
NF-18385,Natalie Fritzler,Consumer,East,Wheeling,West Virginia,United States
SD-20485,Shirley Daniels,Home Office,Central,Midland,Michigan,United States
KH-16630,Ken Heidel,Corporate,West,Santa Ana,California,United States
RB-19795,Ross Baird,Home Office,West,Los Angeles,California,United States
MK-18160,Mike Kennedy,Consumer,West,San Francisco,California,United States
PO-19180,Philisse Overcash,Home Office,West,Louisville,Colorado,United States
BB-11545,Brenda Bowman,Corporate,Central,Saint Charles,Missouri,United States
TB-21595,Troy Blackwell,Consumer,East,Springfield,Ohio,United States
RB-19360,Raymond Buch,Consumer,West,Seattle,Washington,United States
EB-13705,Ed Braxton,Corporate,Central,Mansfield,Texas,United States
SC-20095,Sanjit Chand,Consumer,West,Los Angeles,California,United States
TN-21040,Tanja Norvell,Home Office,West,San Francisco,California,United States
JS-15940,Joni Sundaresam,Home Office,East,Lancaster,Ohio,United States
MH-17785,Maya Herman,Corporate,West,Seattle,Washington,United States
JP-15520,Jeremy Pistek,Consumer,South,Jonesboro,Arkansas,United States
JE-15475,Jeremy Ellison,Consumer,Central,Houston,Texas,United States
JG-15805,John Grady,Corporate,West,San Diego,California,United States
XP-21865,Xylona Preis,Consumer,South,Hollywood,Florida,United States
EM-14065,Erin Mull,Consumer,Central,Frisco,Texas,United States
MT-18070,Michelle Tran,Home Office,Central,Tulsa,Oklahoma,United States
SA-20830,Sue Ann Reed,Consumer,East,Everett,Massachusetts,United States
CW-11905,Carl Weiss,Home Office,East,Newark,Delaware,United States
AJ-10960,Astrea Jones,Consumer,East,New York City,New York,United States
SS-20590,Sonia Sunley,Consumer,West,San Francisco,California,United States
RO-19780,Rose O'Brian,Consumer,Central,Chicago,Illinois,United States
MD-17350,Maribeth Dona,Consumer,East,Philadelphia,Pennsylvania,United States
MY-17380,Maribeth Yedwab,Corporate,South,Memphis,Tennessee,United States
CM-12385,Christopher Martinez,Consumer,West,San Francisco,California,United States
LS-17245,Lynn Smith,Consumer,West,Los Angeles,California,United States
BN-11515,Bradley Nguyen,Consumer,West,Seattle,Washington,United States
DB-13210,Dean Braden,Consumer,East,Philadelphia,Pennsylvania,United States
MC-17605,Matt Connell,Corporate,South,Jacksonville,North Carolina,United States
BD-11605,Brian Dahlen,Consumer,East,Lancaster,Pennsylvania,United States
PH-18790,Patricia Hirasaki,Home Office,South,Lakeland,Florida,United States
MG-18145,Mike Gockenbach,Consumer,Central,Plano,Texas,United States
KB-16240,Karen Bern,Corporate,West,Los Angeles,California,United States
JC-15340,Jasper Cacioppo,Consumer,West,Riverside,California,United States
RL-19615,Rob Lucas,Consumer,West,Los Angeles,California,United States
AA-10375,Allen Armold,Consumer,East,Providence,Rhode Island,United States
EP-13915,Emily Phan,Consumer,Central,Chicago,Illinois,United States
DK-12985,Darren Koutras,Consumer,West,Springfield,Oregon,United States
BD-11500,Bradley Drucker,Consumer,South,Newport News,Virginia,United States
LM-17065,Liz MacKendrick,Consumer,East,New York City,New York,United States
AS-10135,Adrian Shami,Home Office,West,Auburn,Washington,United States
BD-11320,Bill Donatelli,Consumer,West,Woodland,California,United States
GT-14710,Greg Tran,Consumer,West,San Francisco,California,United States
AJ-10945,Ashley Jarboe,Consumer,West,Los Angeles,California,United States
OT-18730,Olvera Toch,Consumer,East,Bethlehem,Pennsylvania,United States
LP-17080,Liz Pelletier,Consumer,West,Tucson,Arizona,United States
CA-12775,Cynthia Arntzen,Consumer,Central,Detroit,Michigan,United States
JF-15490,Jeremy Farry,Consumer,East,New York City,New York,United States
FP-14320,Frank Preis,Consumer,Central,Huntsville,Texas,United States
EB-13840,Ellis Ballard,Corporate,South,Richmond,Virginia,United States
JF-15415,Jennifer Ferguson,Consumer,Central,Saint Charles,Missouri,United States
SF-20200,Sarah Foster,Consumer,West,Mesa,Arizona,United States
TG-21640,Trudy Glocke,Consumer,South,Tampa,Florida,United States
CS-11950,Carlos Soltero,Consumer,West,Los Angeles,California,United States
CC-12145,Charles Crestani,Consumer,Central,Houston,Texas,United States
DV-13465,Dianna Vittorini,Consumer,West,Los Angeles,California,United States
BD-11725,Bruce Degenhardt,Consumer,South,Columbus,Georgia,United States
ZC-21910,Zuschuss Carroll,Consumer,South,Hickory,North Carolina,United States
MS-17830,Melanie Seite,Consumer,East,Baltimore,Maryland,United States
LR-16915,Lena Radford,Consumer,West,Los Angeles,California,United States
TP-21130,Theone Pippenger,Consumer,West,Springfield,Oregon,United States
CK-12205,Chloris Kastensmidt,Consumer,West,Hillsboro,Oregon,United States
AS-10240,Alan Shonely,Consumer,West,Redondo Beach,California,United States
AR-10510,Andrew Roberts,Consumer,East,Columbus,Ohio,United States
NB-18655,Nona Balk,Corporate,East,Paterson,New Jersey,United States
GD-14590,Giulietta Dortch,Corporate,South,Arlington,Virginia,United States
CK-12595,Clytie Kelty,Consumer,South,Charlotte,North Carolina,United States
NG-18355,Nat Gilpin,Corporate,Central,Jackson,Michigan,United States
CA-12265,Christina Anderson,Consumer,West,San Francisco,California,United States
SF-20965,Sylvia Foulston,Corporate,West,San Francisco,California,United States
MO-17800,Meg O'Connel,Home Office,West,Spokane,Washington,United States
AT-10735,Annie Thurman,Consumer,Central,Houston,Texas,United States
FM-14380,Fred McMath,Consumer,Central,Detroit,Michigan,United States
DJ-13420,Denny Joy,Corporate,West,San Francisco,California,United States
ME-17725,Max Engle,Consumer,South,Louisville,Kentucky,United States
JD-16150,Justin Deggeller,Corporate,West,Twin Falls,Idaho,United States
JL-15835,John Lee,Consumer,South,Richmond,Kentucky,United States
SC-20305,Sean Christensen,Consumer,West,Los Angeles,California,United States
CC-12430,Chuck Clark,Home Office,West,Redmond,Washington,United States
AR-10825,Anthony Rawles,Corporate,East,New York City,New York,United States
SR-20740,Steven Roelle,Home Office,South,Arlington,Virginia,United States
CR-12730,Craig Reiter,Consumer,Central,Chicago,Illinois,United States
EH-14125,Eugene Hildebrand,Home Office,West,Lakewood,California,United States
SP-20545,Sibella Parks,Corporate,Central,Green Bay,Wisconsin,United States
TH-21235,Tiffany House,Corporate,West,Los Angeles,California,United States
RP-19390,Resi PÃ¶lking,Consumer,West,Phoenix,Arizona,United States
RB-19570,Rob Beeghly,Consumer,Central,Saint Charles,Illinois,United States
CD-11980,Carol Darley,Consumer,East,New York City,New York,United States
DJ-13630,Doug Jacobs,Consumer,West,Portland,Oregon,United States
GT-14635,Grant Thornton,Corporate,East,New York City,New York,United States
MC-17845,Michael Chen,Consumer,Central,Dallas,Texas,United States
RA-19285,Ralph Arnett,Consumer,Central,Richmond,Indiana,United States
NP-18325,Naresj Patel,Consumer,West,San Francisco,California,United States
AB-10165,Alan Barnes,Consumer,West,Lakewood,California,United States
JO-15550,Jesus Ocampo,Home Office,West,San Francisco,California,United States
JK-15370,Jay Kimmel,Consumer,South,Huntsville,Alabama,United States
BN-11470,Brad Norvell,Corporate,Central,Chicago,Illinois,United States
DP-13165,David Philippe,Consumer,Central,Chicago,Illinois,United States
TH-21550,Tracy Hopkins,Home Office,East,Everett,Massachusetts,United States
AP-10915,Arthur Prichep,Consumer,West,Denver,Colorado,United States
RS-19765,Roland Schwarz,Corporate,Central,Waco,Texas,United States
SV-20365,Seth Vernon,Consumer,East,Philadelphia,Pennsylvania,United States
CK-12325,Christine Kargatis,Home Office,East,Troy,Ohio,United States
RD-19810,Ross DeVincentis,Home Office,South,Fayetteville,North Carolina,United States
MR-17545,Mathew Reese,Home Office,West,Seattle,Washington,United States
SC-20695,Steve Chapman,Corporate,East,Springfield,Ohio,United States
JF-15355,Jay Fein,Consumer,East,Baltimore,Maryland,United States
EG-13900,Emily Grady,Consumer,South,Chesapeake,Virginia,United States
DS-13030,Darrin Sayre,Home Office,West,San Francisco,California,United States
PO-19195,Phillina Ober,Home Office,East,Philadelphia,Pennsylvania,United States
SS-20875,Sung Shariari,Consumer,South,Miami,Florida,United States
PB-19105,Peter BÃ¼hler,Consumer,East,Philadelphia,Pennsylvania,United States
RF-19735,Roland Fjeld,Consumer,West,San Diego,California,United States
YC-21895,Yoseph Carroll,Corporate,Central,Fremont,Nebraska,United States
DC-13285,Debra Catini,Consumer,South,Plantation,Florida,United States
CP-12340,Christine Phan,Corporate,East,Waterbury,Connecticut,United States
BF-11020,Barry FranzÃ¶sisch,Corporate,East,New York City,New York,United States
LH-17020,Lisa Hazard,Consumer,West,Louisville,Colorado,United States
CS-12250,Chris Selesnick,Corporate,Central,Green Bay,Wisconsin,United States
AJ-10795,Anthony Johnson,Corporate,South,Springfield,Virginia,United States
BV-11245,Benjamin Venier,Corporate,South,Smyrna,Tennessee,United States
DL-12865,Dan Lawera,Consumer,South,Miami,Florida,United States
BM-11785,Bryan Mills,Consumer,East,Philadelphia,Pennsylvania,United States
LT-17110,Liz Thompson,Consumer,West,San Diego,California,United States
JK-15730,Joe Kamberova,Consumer,Central,Des Plaines,Illinois,United States
ES-14020,Erica Smith,Consumer,Central,Houston,Texas,United States
RH-19495,Rick Hansen,Consumer,South,Orlando,Florida,United States
CD-11920,Carlos Daly,Consumer,West,Oceanside,California,United States
HW-14935,Helen Wasserman,Corporate,Central,Detroit,Michigan,United States
MC-18130,Mike Caudle,Corporate,West,Seattle,Washington,United States
GM-14440,Gary McGarr,Consumer,South,Knoxville,Tennessee,United States
PJ-19015,Pauline Johnson,Consumer,East,Long Beach,New York,United States
BW-11110,Bart Watters,Corporate,South,Greensboro,North Carolina,United States
TR-21325,Toby Ritter,Consumer,West,Seattle,Washington,United States
PG-18820,Patrick Gardner,Consumer,Central,Dallas,Texas,United States
JL-15175,James Lanier,Home Office,South,Chattanooga,Tennessee,United States
BM-11650,Brian Moss,Corporate,East,Elyria,Ohio,United States
EM-14095,Eudokia Martin,Corporate,South,Springfield,Virginia,United States
AF-10885,Art Foster,Consumer,East,Philadelphia,Pennsylvania,United States
GA-14725,Guy Armstrong,Consumer,Central,Columbia,Missouri,United States
CK-12760,Cyma Kinney,Corporate,West,Glendale,Arizona,United States
DP-13105,Dave Poirier,Corporate,East,Philadelphia,Pennsylvania,United States
BK-11260,Berenike Kampe,Consumer,West,Santa Ana,California,United States
SJ-20125,Sanjit Jacobs,Home Office,East,New York City,New York,United States
CM-12445,Chuck Magee,Consumer,Central,Houston,Texas,United States
AJ-10780,Anthony Jacobs,Corporate,West,Los Angeles,California,United States
LS-16945,Linda Southworth,Corporate,West,Los Angeles,California,United States
GP-14740,Guy Phonely,Corporate,East,Leominster,Massachusetts,United States
PK-18910,Paul Knutson,Home Office,West,San Francisco,California,United States
SM-20005,Sally Matthias,Consumer,Central,Houston,Texas,United States
AG-10765,Anthony Garverick,Home Office,Central,Lawrence,Indiana,United States
PM-19135,Peter McVee,Home Office,South,Jacksonville,Florida,United States
LL-16840,Lauren Leatherbury,Consumer,South,Waynesboro,Virginia,United States
JS-15595,Jill Stevenson,Corporate,East,Columbus,Ohio,United States
EL-13735,Ed Ludwig,Home Office,Central,Jefferson City,Missouri,United States
PC-18745,Pamela Coakley,Corporate,West,Loveland,Colorado,United States
HL-15040,Hunter Lopez,Consumer,Central,Richmond,Indiana,United States
MS-17365,Maribeth Schnelling,Consumer,West,Los Angeles,California,United States
GB-14530,George Bell,Corporate,West,Aurora,Colorado,United States
JR-16210,Justin Ritter,Corporate,West,San Francisco,California,United States
BE-11335,Bill Eplett,Home Office,East,New York City,New York,United States
SC-20050,Sample Company A,Home Office,South,Hialeah,Florida,United States
RW-19630,Rob Williams,Corporate,West,San Francisco,California,United States
SE-20110,Sanjit Engle,Consumer,West,Oxnard,California,United States
AH-10075,Adam Hart,Corporate,West,Los Angeles,California,United States
JM-15535,Jessica Myrick,Consumer,East,New York City,New York,United States
JJ-15760,Joel Jenkins,Home Office,Central,Houston,Texas,United States
RK-19300,Ralph Kennedy,Consumer,East,Rochester,New York,United States
CG-12040,Catherine Glotzbach,Home Office,West,Los Angeles,California,United States
RP-19270,Rachel Payne,Corporate,Central,Houston,Texas,United States
KC-16255,Karen Carlisle,Corporate,East,New York City,New York,United States
KH-16360,Katherine Hughes,Consumer,Central,Houston,Texas,United States
GH-14665,Greg Hansen,Consumer,Central,Chicago,Illinois,United States
SW-20275,Scott Williamson,Consumer,East,New York City,New York,United States
JA-15970,Joseph Airdo,Consumer,West,Modesto,California,United States
DL-12925,Daniel Lacy,Consumer,South,Greenville,North Carolina,United States
LW-16990,Lindsay Williams,Corporate,West,Henderson,Nevada,United States
TB-21190,Thomas Brumley,Home Office,West,Los Angeles,California,United States
BS-11800,Bryan Spruell,Home Office,West,San Diego,California,United States
RW-19690,Robert Waldorf,Consumer,West,Los Angeles,California,United States
TZ-21580,Tracy Zic,Consumer,West,San Francisco,California,United States
AS-10630,Ann Steele,Home Office,South,Knoxville,Tennessee,United States
TS-21340,Toby Swindell,Consumer,West,San Francisco,California,United States
SL-20155,Sara Luxemburg,Home Office,East,New York City,New York,United States
MW-18235,Mitch Willingham,Corporate,West,San Francisco,California,United States
RD-19585,Rob Dowd,Consumer,West,Los Angeles,California,United States
RA-19945,Ryan Akin,Consumer,East,Cleveland,Ohio,United States
MT-17815,Meg Tillman,Consumer,East,New York City,New York,United States
VG-21790,Vivek Gonzalez,Consumer,South,Jacksonville,Florida,United States
JS-15880,John Stevenson,Consumer,East,Toledo,Ohio,United States
KM-16225,Kalyca Meade,Corporate,West,Sunnyvale,California,United States
HR-14770,Hallie Redmond,Home Office,South,Jacksonville,Florida,United States
DE-13255,Deanra Eno,Home Office,West,Los Angeles,California,United States
AG-10390,Allen Goldenen,Consumer,South,Arlington,Virginia,United States
JJ-15445,Jennifer Jackson,Consumer,East,Newark,Delaware,United States
JH-15430,Jennifer Halladay,Consumer,South,Hialeah,Florida,United States
RD-19660,Robert Dilbeck,Home Office,East,Philadelphia,Pennsylvania,United States
MO-17500,Mary O'Rourke,Consumer,Central,Chicago,Illinois,United States
NS-18640,Noel Staavos,Corporate,West,Carlsbad,New Mexico,United States
DG-13300,Deirdre Greer,Corporate,West,Denver,Colorado,United States
NF-18595,Nicole Fjeld,Home Office,West,San Jose,California,United States
MG-17650,Matthew Grinstein,Home Office,Central,Dallas,Texas,United States
TS-21160,Theresa Swint,Corporate,West,San Francisco,California,United States
BD-11620,Brian DeCherney,Consumer,South,Wilmington,North Carolina,United States
CM-12160,Charles McCrossin,Consumer,East,New Bedford,Massachusetts,United States
SN-20560,Skye Norling,Home Office,East,Paterson,New Jersey,United States
EH-14005,Erica Hernandez,Home Office,West,San Francisco,California,United States
FO-14305,Frank Olsen,Consumer,West,Glendale,Arizona,United States
MS-17710,Maurice Satty,Consumer,East,Bowling Green,Ohio,United States
CC-12100,Chad Cunningham,Home Office,West,Los Angeles,California,United States
DW-13540,Don Weiss,Consumer,Central,Dallas,Texas,United States
BT-11395,Bill Tyler,Corporate,West,Los Angeles,California,United States
CY-12745,Craig Yedwab,Corporate,West,San Francisco,California,United States
BT-11485,Brad Thomas,Home Office,East,Philadelphia,Pennsylvania,United States
PS-19045,Penelope Sewall,Home Office,East,New York City,New York,United States
PV-18985,Paul Van Hugh,Home Office,Central,League City,Texas,United States
NM-18520,Neoma Murray,Consumer,East,New York City,New York,United States
DL-13495,Dionis Lloyd,Corporate,West,Thousand Oaks,California,United States
CS-12355,Christine Sundaresam,Consumer,South,Hollywood,Florida,United States
FH-14275,Frank Hawley,Corporate,Central,Aurora,Illinois,United States
NC-18340,Nat Carroll,Consumer,Central,Apple Valley,Minnesota,United States
AA-10315,Alex Avila,Consumer,East,New York City,New York,United States
LT-16765,Larry Tron,Consumer,East,Fairfield,Ohio,United States
AP-10720,Anne Pryor,Home Office,East,New York City,New York,United States
PM-18940,Paul MacIntyre,Consumer,South,Springfield,Virginia,United States
AT-10435,Alyssa Tate,Home Office,South,Tamarac,Florida,United States
CA-12055,Cathy Armstrong,Home Office,East,New York City,New York,United States
HR-14830,Harold Ryan,Corporate,East,Philadelphia,Pennsylvania,United States
BT-11530,Bradley Talbott,Home Office,West,Los Angeles,California,United States
LH-16750,Larry Hughes,Consumer,East,Philadelphia,Pennsylvania,United States
SW-20755,Steven Ward,Corporate,West,Seattle,Washington,United States
SP-20620,Stefania Perrino,Corporate,East,Buffalo,New York,United States
BF-11170,Ben Ferrer,Home Office,South,Atlanta,Georgia,United States
KT-16480,Kean Thornton,Consumer,Central,Dallas,Texas,United States
BG-11695,Brooke Gillingham,Corporate,Central,Garden City,Kansas,United States
GM-14680,Greg Matthias,Consumer,East,Philadelphia,Pennsylvania,United States
EJ-14155,Eva Jacobs,Consumer,West,San Diego,California,United States
NP-18700,Nora Preis,Consumer,East,New York City,New York,United States
MH-18115,Mick Hernandez,Home Office,East,Philadelphia,Pennsylvania,United States
JR-15700,Jocasta Rupert,Consumer,South,Jacksonville,Florida,United States
SM-20950,Suzanne McNair,Corporate,East,Fairfield,Connecticut,United States
CC-12220,Chris Cortes,Consumer,Central,Chicago,Illinois,United States
PF-19225,Phillip Flathmann,Consumer,South,Atlanta,Georgia,United States
DC-12850,Dan Campbell,Consumer,East,Cleveland,Ohio,United States
BD-11770,Bryan Davis,Consumer,West,Edmonds,Washington,United States
GM-14500,Gene McClure,Consumer,West,Bakersfield,California,United States
TB-21355,Todd Boyes,Corporate,Central,Houston,Texas,United States
JH-16180,Justin Hirsh,Consumer,East,Philadelphia,Pennsylvania,United States
EB-13975,Erica Bern,Corporate,West,Los Angeles,California,United States
QJ-19255,Quincy Jones,Corporate,East,Burlington,Vermont,United States
TC-21535,Tracy Collins,Home Office,West,San Francisco,California,United States
CS-12460,Chuck Sachs,Consumer,East,New York City,New York,United States
HG-14965,Henry Goldwyn,Corporate,East,Lancaster,Ohio,United States
LW-16825,Laurel Workman,Corporate,Central,Pasadena,Texas,United States
MC-17575,Matt Collins,Consumer,Central,Fremont,Nebraska,United States
LP-17095,Liz Preis,Consumer,Central,Aurora,Illinois,United States
EB-14170,Evan Bailliet,Consumer,West,Seattle,Washington,United States
GZ-14545,George Zrebassa,Corporate,West,Los Angeles,California,United States
CP-12085,Cathy Prescott,Corporate,South,Delray Beach,Florida,United States
FG-14260,Frank Gastineau,Home Office,East,New York City,New York,United States
LD-17005,Lisa DeCherney,Consumer,West,San Francisco,California,United States
AB-10255,Alejandro Ballentine,Home Office,West,Los Angeles,California,United States
MN-17935,Michael Nguyen,Consumer,East,Springfield,Ohio,United States
JR-15670,Jim Radford,Consumer,West,Colorado Springs,Colorado,United States
JF-15190,Jamie Frazer,Consumer,East,Philadelphia,Pennsylvania,United States
CM-12115,Chad McGuire,Consumer,West,Los Angeles,California,United States
AS-10045,Aaron Smayling,Corporate,West,San Francisco,California,United States
BP-11290,Beth Paige,Consumer,West,Los Angeles,California,United States
ND-18370,Natalie DeCherney,Consumer,East,Long Beach,New York,United States
LB-16735,Larry Blacks,Consumer,South,Tallahassee,Florida,United States
KT-16465,Kean Takahito,Consumer,West,San Francisco,California,United States
HM-14860,Harry Marie,Corporate,East,New York City,New York,United States
AB-10600,Ann Blume,Corporate,South,Jacksonville,North Carolina,United States
SZ-20035,Sam Zeldin,Home Office,Central,Columbus,Indiana,United States
MG-17890,Michael Granlund,Home Office,West,Fresno,California,United States
JK-16120,Julie Kriz,Home Office,Central,Garland,Texas,United States
PP-18955,Paul Prost,Home Office,East,Philadelphia,Pennsylvania,United States
YS-21880,Yana Sorensen,Corporate,West,Hesperia,California,United States
KM-16375,Katherine Murray,Home Office,South,Springdale,Arkansas,United States
AB-10105,Adrian Barton,Consumer,Central,Bloomington,Illinois,United States
HA-14905,Helen Abelman,Consumer,East,New York City,New York,United States
BT-11305,Beth Thompson,Home Office,West,San Gabriel,California,United States
SV-20815,Stuart Van,Corporate,South,Miami,Florida,United States
RW-19540,Rick Wilson,Corporate,West,Seattle,Washington,United States
DK-12835,Damala Kotsonis,Corporate,Central,Fremont,Nebraska,United States
ST-20530,Shui Tom,Consumer,South,Port Saint Lucie,Florida,United States
MM-17920,Michael Moore,Consumer,East,Newark,Ohio,United States
PW-19030,Pauline Webber,Corporate,West,Los Angeles,California,United States
SC-20440,Shaun Chance,Corporate,East,Lancaster,Pennsylvania,United States
TS-21085,Thais Sissman,Consumer,South,Ormond Beach,Florida,United States
MC-17425,Mark Cousins,Corporate,Central,Chicago,Illinois,United States
ME-17320,Maria Etezadi,Home Office,West,Santa Barbara,California,United States
NH-18610,Nicole Hansen,Corporate,Central,Oak Park,Michigan,United States
MB-18085,Mick Brown,Consumer,Central,Springfield,Missouri,United States
KD-16495,Keith Dawkins,Corporate,West,San Jose,California,United States
KN-16390,Katherine Nockton,Corporate,East,Clinton,Maryland,United States
NP-18685,Nora Pelletier,Home Office,South,Wilson,North Carolina,United States
CS-12505,Cindy Stewart,Consumer,West,Pomona,California,United States
MS-17770,Maxwell Schwartz,Consumer,West,San Francisco,California,United States
CM-12655,Corinna Mitchell,Home Office,East,New York City,New York,United States
Co-12640,Corey-Lock,Consumer,Central,Lawton,Oklahoma,United States
TS-21370,Todd Sumrall,Corporate,East,New York City,New York,United States
JW-15220,Jane Waco,Corporate,West,Sacramento,California,United States
JD-15790,John Dryer,Consumer,East,Belleville,New Jersey,United States
PC-19000,Pauline Chand,Home Office,West,Chandler,Arizona,United States
AR-10540,Andy Reiter,Consumer,West,Los Angeles,California,United States
AI-10855,Arianne Irving,Consumer,West,Roseville,California,United States
TB-21400,Tom Boeckenhauer,Consumer,West,Los Angeles,California,United States
PL-18925,Paul Lucas,Home Office,West,Los Angeles,California,United States
GH-14425,Gary Hwang,Consumer,West,Modesto,California,United States
MP-18175,Mike Pelletier,Home Office,Central,Chicago,Illinois,United States
JM-15655,Jim Mitchum,Corporate,West,Los Angeles,California,United States
CL-11890,Carl Ludwig,Consumer,West,San Francisco,California,United States
DB-13270,Deborah Brumfield,Home Office,East,Philadelphia,Pennsylvania,United States
IG-15085,Ivan Gibson,Consumer,East,Norwich,Connecticut,United States
BO-11425,Bobby Odegard,Consumer,East,New York City,New York,United States
AB-10150,Aimee Bixby,Consumer,East,Yonkers,New York,United States
JW-16075,Julia West,Consumer,Central,Chicago,Illinois,United States
EB-13750,Edward Becker,Corporate,East,Cincinnati,Ohio,United States
SG-20470,Sheri Gordon,Consumer,East,New York City,New York,United States
CM-12190,Charlotte Melton,Consumer,Central,Rochester,Minnesota,United States
AW-10840,Anthony Witt,Consumer,West,Bakersfield,California,United States
MC-18100,Mick Crebagga,Consumer,West,Los Angeles,California,United States
TT-21460,Tonja Turnell,Home Office,South,Charlotte,North Carolina,United States
VG-21805,Vivek Grady,Corporate,Central,Chicago,Illinois,United States
MY-18295,Muhammed Yedwab,Corporate,Central,Houston,Texas,United States
RD-19480,Rick Duston,Consumer,East,Long Beach,New York,United States
DP-13390,Dennis Pardue,Home Office,East,Philadelphia,Pennsylvania,United States
ML-17395,Marina Lichtenstein,Corporate,West,Seattle,Washington,United States
JC-15385,Jenna Caffey,Consumer,West,Kent,Washington,United States
JG-15160,James Galang,Consumer,South,Lafayette,Louisiana,United States
MC-17275,Marc Crier,Consumer,West,Seattle,Washington,United States
NW-18400,Natalie Webber,Consumer,West,Portland,Oregon,United States
TB-21280,Toby Braunhardt,Consumer,West,Phoenix,Arizona,United States
BS-11380,Bill Stewart,Corporate,East,Bowling Green,Ohio,United States
HH-15010,Hilary Holden,Corporate,West,San Francisco,California,United States
CD-12280,Christina DeMoss,Consumer,East,New York City,New York,United States
TH-21100,Thea Hendricks,Consumer,South,Salem,Virginia,United States
MM-18055,Michelle Moray,Consumer,West,San Francisco,California,United States
NS-18505,Neola Schneider,Consumer,East,Philadelphia,Pennsylvania,United States
RB-19645,Robert Barroso,Corporate,South,Atlanta,Georgia,United States
SW-20455,Shaun Weien,Consumer,East,Rochester,New York,United States
EB-13930,Eric Barreto,Consumer,South,Saint Petersburg,Florida,United States
PS-18760,Pamela Stobb,Consumer,Central,San Antonio,Texas,United States
HF-14995,Herbert Flentye,Consumer,South,Fort Lauderdale,Florida,United States
HZ-14950,Henia Zydlo,Consumer,East,New York City,New York,United States
CD-12790,Cynthia Delaney,Home Office,East,Shelton,Connecticut,United States
JK-15205,Jamie Kunitz,Consumer,South,Arlington,Virginia,United States
FM-14215,Filia McAdams,Corporate,East,Philadelphia,Pennsylvania,United States
ED-13885,Emily Ducich,Home Office,East,New York City,New York,United States
DA-13450,Dianna Arnett,Home Office,East,Lancaster,Ohio,United States
JW-15955,Joni Wasserman,Consumer,East,Philadelphia,Pennsylvania,United States
RM-19375,Raymond Messe,Consumer,East,Burlington,Vermont,United States
ML-17755,Max Ludwig,Home Office,West,Stockton,California,United States
CC-12685,Craig Carroll,Consumer,Central,Lubbock,Texas,United States
JE-15610,Jim Epp,Corporate,West,Los Angeles,California,United States
RP-19855,Roy Phan,Corporate,West,Los Angeles,California,United States
TB-21175,Thomas Boland,Corporate,South,Wilson,North Carolina,United States
BE-11455,Brad Eason,Home Office,Central,Springfield,Missouri,United States
JF-15565,Jill Fjeld,Consumer,East,New York City,New York,United States
PB-19210,Phillip Breyer,Corporate,East,Philadelphia,Pennsylvania,United States
BT-11680,Brian Thompson,Consumer,East,Milford,Connecticut,United States
JL-15235,Janet Lee,Consumer,South,Kissimmee,Florida,United States
CH-12070,Cathy Hwang,Home Office,Central,Detroit,Michigan,United States
ND-18460,Neil Ducich,Corporate,West,Chandler,Arizona,United States
BF-10975,Barbara Fisher,Corporate,East,Philadelphia,Pennsylvania,United States
KH-16330,Katharine Harms,Corporate,East,Revere,Massachusetts,United States
GW-14605,Giulietta Weimer,Consumer,South,Henderson,Kentucky,United States
NC-18625,Noah Childs,Corporate,Central,Columbus,Indiana,United States
ME-18010,Michelle Ellison,Corporate,Central,Port Arthur,Texas,United States
BP-11230,Benjamin Patterson,Consumer,West,Los Angeles,California,United States
JC-15775,John Castell,Consumer,East,Newark,Delaware,United States
AS-10090,Adam Shillingsburg,Consumer,East,New York City,New York,United States
AC-10450,Amy Cox,Consumer,South,Tampa,Florida,United States
MD-17860,Michael Dominguez,Corporate,East,Laurel,Maryland,United States
DB-13660,Duane Benoit,Consumer,East,Middletown,Connecticut,United States
EH-13990,Erica Hackney,Consumer,West,Bellevue,Washington,United States
EH-13765,Edward Hooks,Corporate,East,New York City,New York,United States
SC-20230,Scot Coram,Corporate,West,Seattle,Washington,United States
JE-15715,Joe Elijah,Consumer,West,Los Angeles,California,United States
AC-10615,Ann Chong,Corporate,Central,Beaumont,Texas,United States
JD-16015,Joy Daniels,Consumer,East,Toledo,Ohio,United States
CB-12415,Christy Brittain,Consumer,East,Lakewood,Ohio,United States
JS-16030,Joy Smith,Consumer,West,San Francisco,California,United States
LW-17215,Luke Weiss,Consumer,Central,Grand Rapids,Michigan,United States
SC-20800,Stuart Calhoun,Consumer,Central,Edinburg,Texas,United States
AM-10705,Anne McFarland,Consumer,West,Las Vegas,Nevada,United States
RH-19510,Rick Huthwaite,Home Office,West,San Diego,California,United States
CT-11995,Carol Triggs,Consumer,Central,Irving,Texas,United States
MC-17590,Matt Collister,Corporate,East,Utica,New York,United States
CC-12610,Corey Catlett,Corporate,South,Nashville,Tennessee,United States
KA-16525,Kelly Andreada,Consumer,West,San Diego,California,United States
TC-20980,Tamara Chand,Corporate,South,Decatur,Alabama,United States
BF-11080,Bart Folk,Consumer,East,New York City,New York,United States
MM-17260,Magdelene Morse,Consumer,East,Columbus,Ohio,United States
AH-10120,Adrian Hane,Home Office,Central,Aurora,Illinois,United States
BW-11200,Ben Wallace,Consumer,East,New York City,New York,United States
SW-20245,Scot Wooten,Consumer,Central,Aurora,Illinois,United States
BS-11665,Brian Stugart,Consumer,Central,Chicago,Illinois,United States
RF-19345,Randy Ferguson,Corporate,South,East Point,Georgia,United States
WB-21850,William Brown,Consumer,East,Philadelphia,Pennsylvania,United States
TB-21625,Trudy Brown,Consumer,East,Hagerstown,Maryland,United States
AF-10870,Art Ferguson,Consumer,West,San Clemente,California,United States
RB-19435,Richard Bierner,Consumer,East,Columbus,Ohio,United States
KF-16285,Karen Ferguson,Home Office,South,Sandy Springs,Georgia,United States
JH-15820,John Huston,Consumer,South,Monroe,North Carolina,United States
IL-15100,Ivan Liston,Consumer,East,Columbus,Ohio,United States
PB-18805,Patrick Bzostek,Home Office,West,Seattle,Washington,United States
RH-19600,Rob Haberlin,Consumer,South,Hampton,Virginia,United States
AW-10930,Arthur Wiediger,Home Office,Central,Minneapolis,Minnesota,United States
ML-17410,Maris LaWare,Consumer,Central,Chicago,Illinois,United States
DB-13555,Dorothy Badders,Corporate,South,Henderson,Kentucky,United States
MH-17620,Matt Hagelstein,Corporate,Central,Houston,Texas,United States
DK-13375,Dennis Kane,Consumer,East,Lancaster,Pennsylvania,United States
BT-11440,Bobby Trafton,Consumer,Central,Detroit,Michigan,United States
DB-13405,Denny Blanton,Consumer,East,Lawrence,Massachusetts,United States
TG-21310,Toby Gnade,Consumer,West,Des Moines,Washington,United States
BF-11005,Barry Franz,Home Office,Central,Pasadena,Texas,United States
JM-16195,Justin MacKendrick,Consumer,South,Louisville,Kentucky,United States
MZ-17335,Maria Zettner,Home Office,West,Phoenix,Arizona,United States
MW-18220,Mitch Webber,Consumer,Central,Coon Rapids,Minnesota,United States
MV-17485,Mark Van Huff,Consumer,West,Pocatello,Idaho,United States
SM-20320,Sean Miller,Home Office,East,Allentown,Pennsylvania,United States
TP-21415,Tom Prescott,Consumer,East,Philadelphia,Pennsylvania,United States
JK-15625,Jim Karlsson,Consumer,South,Jackson,Mississippi,United States
PJ-18835,Patrick Jones,Corporate,Central,Dallas,Texas,United States
RS-19420,Ricardo Sperren,Corporate,South,Suffolk,Virginia,United States
SV-20935,Susan Vittorini,Consumer,West,Peoria,Arizona,United States
BC-11125,Becky Castell,Home Office,East,Philadelphia,Pennsylvania,United States
EM-13825,Elizabeth Moffitt,Corporate,East,Paterson,New Jersey,United States
BM-11575,Brendan Murry,Corporate,Central,Chicago,Illinois,United States
KN-16705,Kristina Nunn,Home Office,Central,Mcallen,Texas,United States
KW-16570,Kelly Williams,Consumer,West,San Francisco,California,United States
SC-20260,Scott Cohen,Corporate,West,San Francisco,California,United States
CV-12295,Christina VanderZanden,Consumer,Central,Des Moines,Iowa,United States
SG-20605,Speros Goranitis,Consumer,Central,Chicago,Illinois,United States
TM-21010,Tamara Manning,Consumer,Central,Grand Island,Nebraska,United States
EM-13810,Eleni McCrary,Corporate,East,Dover,New Hampshire,United States
ML-18040,Michelle Lonsdale,Corporate,Central,Dearborn,Michigan,United States
CR-12580,Clay Rozendal,Home Office,West,San Diego,California,United States
AZ-10750,Annie Zypern,Consumer,Central,Wheeling,Illinois,United States
PW-19240,Pierre Wener,Consumer,East,Wilmington,Delaware,United States
SC-20380,Shahid Collister,Consumer,West,Boise,Idaho,United States
CM-11935,Carlos Meador,Consumer,West,Tucson,Arizona,United States
GM-14695,Greg Maxwell,Corporate,West,San Francisco,California,United States
TB-21250,Tim Brockman,Consumer,Central,Bloomington,Illinois,United States
JM-15865,John Murray,Consumer,South,Arlington,Virginia,United States
SC-20575,Sonia Cooley,Consumer,West,Los Angeles,California,United States
LS-17200,Luke Schmidt,Corporate,West,Fresno,California,United States
RR-19315,Ralph Ritter,Consumer,Central,Aurora,Illinois,United States
DB-12910,Daniel Byrd,Home Office,West,Lake Forest,California,United States
TT-21220,Thomas Thornton,Consumer,East,Dover,Delaware,United States
LO-17170,Lori Olson,Corporate,South,Suffolk,Virginia,United States
KD-16615,Ken Dana,Corporate,West,Los Angeles,California,United States
NB-18580,Nicole Brennan,Corporate,South,Bossier City,Louisiana,United States
BD-11635,Brian Derr,Consumer,East,New York City,New York,United States
CM-12235,Chris McAfee,Consumer,Central,Milwaukee,Wisconsin,United States
EN-13780,Edward Nazzal,Consumer,Central,Grand Rapids,Michigan,United States
KN-16450,Kean Nguyen,Corporate,East,Baltimore,Maryland,United States
BO-11350,Bill Overfelt,Corporate,Central,Broken Arrow,Oklahoma,United States
AG-10300,Aleksandra Gannaway,Corporate,West,Las Vegas,Nevada,United States
MC-17635,Matthew Clasen,Corporate,Central,Richmond,Indiana,United States
TA-21385,Tom Ashbrook,Home Office,East,New York City,New York,United States
JF-15295,Jason Fortune-,Consumer,West,Los Angeles,California,United States
TT-21265,Tim Taslimi,Corporate,Central,Indianapolis,Indiana,United States
SB-20170,Sarah Bern,Consumer,West,Los Angeles,California,United States
CL-12700,Craig Leslie,Home Office,East,New York City,New York,United States
HG-15025,Hunter Glantz,Consumer,West,Los Angeles,California,United States
NL-18310,Nancy Lomonaco,Home Office,West,San Francisco,California,United States
RR-19525,Rick Reed,Corporate,South,Cary,North Carolina,United States
TC-21295,Toby Carlisle,Consumer,East,Everett,Massachusetts,United States
SV-20785,Stewart Visinsky,Consumer,Central,Bloomington,Indiana,United States
BE-11410,Bobby Elias,Consumer,Central,Aurora,Illinois,United States
SC-20680,Steve Carroll,Home Office,West,Seattle,Washington,United States
DF-13135,David Flashing,Consumer,Central,Rockford,Illinois,United States
FH-14350,Fred Harton,Consumer,East,Dublin,Ohio,United States
MS-17530,MaryBeth Skach,Consumer,West,Seattle,Washington,United States
RH-19555,Ritsa Hightower,Consumer,South,Charlotte,North Carolina,United States
GA-14515,George Ashbrook,Consumer,Central,El Paso,Texas,United States
JP-16135,Julie Prescott,Home Office,East,Philadelphia,Pennsylvania,United States
Dp-13240,Dean percer,Home Office,East,Waterbury,Connecticut,United States
MO-17950,Michael Oakman,Consumer,South,Jacksonville,North Carolina,United States
DL-13330,Denise Leinenbach,Consumer,Central,Lawrence,Indiana,United States
MH-18025,Michelle Huthwaite,Consumer,South,Lafayette,Louisiana,United States
DR-12940,Daniel Raglin,Home Office,West,Albuquerque,New Mexico,United States
DM-13015,Darrin Martin,Consumer,East,Lancaster,Ohio,United States
CA-11965,Carol Adams,Corporate,Central,Rapid City,South Dakota,United States
AC-10660,Anna Chung,Consumer,Central,Lawrence,Indiana,United States
DM-13345,Denise Monton,Corporate,East,Rochester,New York,United States
VF-21715,Vicky Freymann,Home Office,West,San Francisco,California,United States
CC-12370,Christopher Conant,Consumer,Central,Houston,Texas,United States
BF-11275,Beth Fritzler,Corporate,South,Columbus,Georgia,United States
HG-14845,Harry Greene,Consumer,Central,Dallas,Texas,United States
BP-11155,Becky Pak,Consumer,West,Los Angeles,California,United States
EM-14140,Eugene Moren,Home Office,West,Santa Ana,California,United States
MA-17995,Michelle Arnett,Home Office,West,Las Cruces,New Mexico,United States
AY-10555,Andy Yotov,Corporate,West,San Francisco,California,United States
GB-14575,Giulietta Baptist,Consumer,East,New York City,New York,United States
JB-16045,Julia Barnett,Home Office,East,Philadelphia,Pennsylvania,United States
MG-17875,Michael Grace,Home Office,Central,El Paso,Texas,United States
SR-20425,Sharelle Roach,Home Office,East,Springfield,Ohio,United States
JB-16000,Joy Bell-,Consumer,East,Columbia,Maryland,United States
DM-12955,Dario Medina,Corporate,South,Nashville,Tennessee,United States
TC-21475,Tony Chapman,Home Office,West,Fort Collins,Colorado,United States
SW-20350,Sean Wendt,Home Office,East,Cleveland,Ohio,United States
RE-19450,Richard Eichhorn,Consumer,West,Oakland,California,United States
BF-11215,Benjamin Farhat,Home Office,Central,Dallas,Texas,United States
KB-16405,Katrina Bavinger,Home Office,West,Seattle,Washington,United States
JG-15310,Jason Gross,Corporate,Central,Odessa,Texas,United States
EC-14050,Erin Creighton,Consumer,Central,Oklahoma City,Oklahoma,United States
EB-14110,Eugene Barchas,Consumer,East,Columbus,Ohio,United States
JP-15460,Jennifer Patt,Corporate,Central,Dallas,Texas,United States
CS-11845,Cari Sayre,Corporate,Central,Chicago,Illinois,United States
GH-14410,Gary Hansen,Home Office,South,Hendersonville,Tennessee,United States
PT-19090,Pete Takahito,Consumer,South,Jacksonville,Florida,United States
JL-15130,Jack Lebron,Consumer,East,New Rochelle,New York,United States
AH-10030,Aaron Hawkins,Corporate,West,San Francisco,California,United States
CC-12475,Cindy Chapman,Consumer,West,San Diego,California,United States
DW-13195,David Wiener,Corporate,West,Los Angeles,California,United States
SJ-20215,Sarah Jordon,Consumer,South,Columbia,Tennessee,United States
BG-11740,Bruce Geld,Consumer,West,Bakersfield,California,United States
LB-16795,Laurel Beltran,Home Office,East,Wilmington,Delaware,United States
CM-11815,Candace McMahon,Corporate,West,Phoenix,Arizona,United States
EH-14185,Evan Henry,Consumer,South,West Palm Beach,Florida,United States
TS-21505,Tony Sayre,Consumer,East,Concord,New Hampshire,United States
PR-18880,Patrick Ryan,Consumer,West,San Francisco,California,United States
LC-17050,Liz Carlisle,Consumer,Central,Dallas,Texas,United States
CS-12490,Cindy Schnelling,Corporate,East,Toledo,Ohio,United States
DH-13075,Dave Hallsten,Corporate,West,Los Angeles,California,United States
JO-15145,Jack O'Briant,Corporate,East,Buffalo,New York,United States
AH-10690,Anna HÃ¤berlin,Corporate,South,Coral Gables,Florida,United States
HJ-14875,Heather Jas,Home Office,Central,Detroit,Michigan,United States
MH-17455,Mark Hamilton,Consumer,Central,Minneapolis,Minnesota,United States
RD-19930,Russell D'Ascenzo,Consumer,Central,Dallas,Texas,United States
SC-20020,Sam Craven,Consumer,East,Philadelphia,Pennsylvania,United States
SU-20665,Stephanie Ulpright,Home Office,West,Seattle,Washington,United States
FC-14335,Fred Chung,Corporate,West,Albuquerque,New Mexico,United States
RB-19330,Randy Bradley,Consumer,Central,Austin,Texas,United States
NC-18535,Nick Crebassa,Corporate,South,Hampton,Virginia,United States
DB-12970,Darren Budd,Corporate,East,New York City,New York,United States
MF-17665,Maureen Fritzler,Corporate,South,Huntsville,Alabama,United States
RM-19750,Roland Murray,Consumer,East,New York City,New York,United States
VM-21835,Vivian Mathis,Consumer,West,Mission Viejo,California,United States
EJ-13720,Ed Jacobs,Consumer,East,Philadelphia,Pennsylvania,United States
NC-18415,Nathan Cano,Consumer,Central,Fort Worth,Texas,United States
LS-17230,Lycoris Saunders,Consumer,West,Los Angeles,California,United States
KE-16420,Katrina Edelman,Corporate,East,Philadelphia,Pennsylvania,United States
DH-13675,Duane Huffman,Home Office,South,Harrisonburg,Virginia,United States
PF-19120,Peter Fuller,Consumer,East,New York City,New York,United States
VT-21700,Valerie Takahito,Home Office,Central,Houston,Texas,United States
MG-17695,Maureen Gnade,Consumer,Central,Chicago,Illinois,United States
SP-20920,Susan Pistek,Consumer,West,San Luis Obispo,California,United States
CS-12175,Charles Sheldon,Corporate,South,Chattanooga,Tennessee,United States
DK-12895,Dana Kaydos,Consumer,West,Seattle,Washington,United States
KM-16660,Khloe Miller,Consumer,West,Inglewood,California,United States
AA-10645,Anna Andreadi,Consumer,Central,Oklahoma City,Oklahoma,United States
DD-13570,Dorothy Dickinson,Consumer,South,Memphis,Tennessee,United States
AH-10465,Amy Hunt,Consumer,South,Decatur,Alabama,United States
TP-21565,Tracy Poddar,Corporate,Central,Coppell,Texas,United States
EK-13795,Eileen Kiefer,Home Office,Central,Chicago,Illinois,United States
CR-12820,Cyra Reiten,Home Office,Central,Houston,Texas,United States
SG-20890,Susan Gilcrest,Corporate,Central,Amarillo,Texas,United States
AH-10585,Angele Hood,Consumer,West,Seattle,Washington,United States
NF-18475,Neil FranzÃ¶sisch,Home Office,Central,Omaha,Nebraska,United States
BS-11365,Bill Shonely,Corporate,South,Columbus,Georgia,United States
SH-20635,Stefanie Holloman,Corporate,West,Sacramento,California,United States
RD-19720,Roger Demir,Consumer,East,Philadelphia,Pennsylvania,United States
AG-10330,Alex Grayson,Consumer,South,Charlotte,North Carolina,United States
GR-14560,Georgia Rosenberg,Corporate,East,Wilmington,Delaware,United States
VS-21820,Vivek Sundaresam,Consumer,South,Raleigh,North Carolina,United States
TM-21490,Tony Molinari,Consumer,East,Yonkers,New York,United States
TS-21430,Tom Stivers,Corporate,West,San Diego,California,United States
DB-13360,Dennis Bolton,Home Office,West,Riverside,California,United States
NR-18550,Nick Radford,Consumer,East,Perth Amboy,New Jersey,United States
CS-11860,Cari Schnelling,Consumer,East,Fairfield,Ohio,United States
MF-18250,Monica Federle,Corporate,Central,Houston,Texas,United States
LW-17125,Liz Willingham,Consumer,South,Virginia Beach,Virginia,United States
AR-10345,Alex Russell,Corporate,Central,Austin,Texas,United States
KS-16300,Karen Seio,Corporate,South,Columbus,Georgia,United States
AB-10015,Aaron Bergman,Consumer,Central,Oklahoma City,Oklahoma,United States
LR-17035,Lisa Ryan,Corporate,Central,Houston,Texas,United States
SS-20410,Shahid Shariari,Consumer,Central,Oswego,Illinois,United States
JM-15580,Jill Matthias,Consumer,West,Seattle,Washington,United States
JK-15325,Jason Klamczynski,Corporate,West,Los Angeles,California,United States
DM-13525,Don Miller,Corporate,East,New York City,New York,United States
ML-18265,Muhammed Lee,Consumer,South,Fayetteville,North Carolina,United States
MH-17290,Marc Harrigan,Home Office,West,Santa Fe,New Mexico,United States
FC-14245,Frank Carlisle,Home Office,West,Sacramento,California,United States
TH-21115,Thea Hudgings,Corporate,Central,Houston,Texas,United States
JK-16090,Juliana Krohn,Consumer,South,Louisville,Kentucky,United States
SB-20185,Sarah Brown,Consumer,East,New York City,New York,United States
BG-11035,Barry Gonzalez,Consumer,South,Hampton,Virginia,United States
BW-11065,Barry Weirich,Consumer,East,New York City,New York,United States
MG-18205,Mitch Gastineau,Corporate,South,Jacksonville,Florida,United States
DO-13645,Doug O'Connell,Consumer,South,Pine Bluff,Arkansas,United States
BP-11050,Barry Pond,Corporate,Central,Chicago,Illinois,United States
TS-21655,Trudy Schmidt,Consumer,Central,El Paso,Texas,United States
EM-14200,Evan Minnotte,Home Office,Central,Dallas,Texas,United States
AO-10810,Anthony O'Donnell,Corporate,West,Los Angeles,California,United States
MH-17440,Mark Haberlin,Corporate,West,Escondido,California,United States
SS-20515,Shirley Schmidt,Home Office,East,Newark,Delaware,United States
LD-16855,Lela Donovan,Corporate,Central,Chicago,Illinois,United States
VP-21760,Victoria Pisteka,Corporate,East,Columbus,Ohio,United States
TC-21145,Theresa Coyne,Corporate,East,Lakewood,New Jersey,United States
IM-15055,Ionia McGrath,Consumer,West,Las Vegas,Nevada,United States
AR-10570,Anemone Ratner,Consumer,South,Columbus,Georgia,United States
CM-12715,Craig Molinari,Corporate,West,Seattle,Washington,United States
FW-14395,Fred Wasserman,Corporate,West,Los Angeles,California,United States
LC-16960,Lindsay Castell,Home Office,West,San Diego,California,United States
HE-14800,Harold Engle,Corporate,Central,Milwaukee,Wisconsin,United States
BD-11560,Brendan Dodson,Home Office,South,Springfield,Virginia,United States
HD-14785,Harold Dahlen,Home Office,Central,Chicago,Illinois,United States
CJ-11875,Carl Jackson,Corporate,East,Philadelphia,Pennsylvania,United States
RS-19870,Roy Skaria,Home Office,East,Philadelphia,Pennsylvania,United States
SC-20845,Sung Chung,Consumer,Central,Arlington Heights,Illinois,United States
RE-19405,Ricardo Emerson,Consumer,East,Kent,Ohio,United States
SM-20905,Susan MacKendrick,Consumer,East,Newark,Ohio,United States
